client_id,segment,annual_demand_tons,priority,shipment_count,shipped_weight_kg,total_transport_cost_eur,avg_distance_km,avg_transit_hours,total_co2_kg,cluster,cluster_profile,recommendation,cost_score,co2_score,distance_score,demand_score,shipment_score,transit_time_score,cluster_score,priority_score,priority_rank,priority_level,recommended_action
CLIENT039,Standard,473.06,2,12,37848.0,274157.27,4228.988333333334,87.77166666666666,205589.85,2,High-activity customers / high costs,"Prioritize warehouse assignment optimization, shipment consolidation and the identification of cost-efficient routes.",0.9578211133591049,0.9571071296533896,0.2559942397757727,0.9426371030033168,0.5294117647058822,0.24501893723700308,1.0,80.2261085634296,1,Very High,"Optimize warehouse assignment, consolidate shipments and reduce costs."
CLIENT023,Industrial,484.44,1,13,41291.0,286224.11,2062.433076923077,26.80076923076923,214798.29,2,High-activity customers / high costs,"Prioritize warehouse assignment optimization, shipment consolidation and the identification of cost-efficient routes.",1.0,0.9999999999999999,0.08858441937825126,0.9684901631150892,0.588235294117647,0.03136521294367618,1.0,79.11167045713128,2,High,"Optimize warehouse assignment, consolidate shipments and reduce costs."
CLIENT033,Industrial,432.92,1,18,92359.0,229697.7,3347.6077777777778,48.044444444444444,176057.52,2,High-activity customers / high costs,"Prioritize warehouse assignment optimization, shipment consolidation and the identification of cost-efficient routes.",0.8024154592580355,0.8195456749744962,0.18788992530197507,0.851447135262847,0.8823529411764706,0.10580712733162602,1.0,72.7249205556394,3,High,"Optimize warehouse assignment, consolidate shipments and reduce costs."
CLIENT080,Standard,307.53,1,8,102573.0,253972.6,4565.785,77.94125,186920.69,2,High-activity customers / high costs,"Prioritize warehouse assignment optimization, shipment consolidation and the identification of cost-efficient routes.",0.8872668582422822,0.8701462699029734,0.28201853309131497,0.5665863964741695,0.29411764705882354,0.21057127088279354,1.0,72.00418340493604,4,High,"Optimize warehouse assignment, consolidate shipments and reduce costs."
CLIENT062,Standard,245.48,1,19,70160.0,144232.39,10479.721578947368,189.03157894736842,112455.79,2,High-activity customers / high costs,"Prioritize warehouse assignment optimization, shipment consolidation and the identification of cost-efficient routes.",0.5036767984140222,0.5232891148285742,0.7389886738687612,0.42562133672588487,0.9411764705882353,0.5998531005873671,1.0,66.10389358809033,5,High,"Optimize warehouse assignment, consolidate shipments and reduce costs."
CLIENT097,Premium,195.15,2,9,54887.0,157420.13,10309.547777777778,114.53555555555556,126970.87,2,High-activity customers / high costs,"Prioritize warehouse assignment optimization, shipment consolidation and the identification of cost-efficient routes.",0.5497737210971438,0.5909002894152225,0.725839336732829,0.31128174837566447,0.35294117647058826,0.338804739614208,1.0,63.02148593090611,6,High,"Optimize warehouse assignment, consolidate shipments and reduce costs."
CLIENT005,Standard,414.28,2,11,27223.0,143364.29,3866.331818181818,51.75727272727273,107186.91,2,High-activity customers / high costs,"Prioritize warehouse assignment optimization, shipment consolidation and the identification of cost-efficient routes.",0.5006424090052821,0.4987466964915001,0.2279717548251235,0.80910082239084,0.4705882352941177,0.11881759008759683,1.0,56.94860782815589,7,Medium,"Optimize warehouse assignment, consolidate shipments and reduce costs."
CLIENT035,Standard,403.4,2,10,41595.0,118792.94,9290.483,151.354,92139.12,0,Distant customers / long flows,"Prioritize assignment to the nearest warehouse and investigate alternative routes to reduce distance, transit time and CO2 emissions.",0.4147547875348919,0.4286541612224405,0.6470961563239962,0.784383661229497,0.411764705882353,0.4678236340221991,0.8,56.89017356949878,8,Medium,Prioritize the nearest warehouse and optimize transportation routes.
CLIENT022,Standard,498.31,2,6,11535.0,79059.57,12068.195,250.77833333333334,58875.45,0,Distant customers / long flows,"Prioritize assignment to the nearest warehouse and investigate alternative routes to reduce distance, transit time and CO2 emissions.",0.27586927077236345,0.27371214231778024,0.861730085304197,0.9999999999999999,0.1764705882352941,0.8162255765125699,0.8,56.26040671896697,9,Medium,Prioritize the nearest warehouse and optimize transportation routes.
CLIENT089,Standard,429.9,2,14,98623.0,69267.56,7922.828571428571,147.62928571428571,61459.59,0,Distant customers / long flows,"Prioritize assignment to the nearest warehouse and investigate alternative routes to reduce distance, transit time and CO2 emissions.",0.24164191052092127,0.2857490543221468,0.5414174381950262,0.8445863056022536,0.6470588235294117,0.454771520431316,0.8,49.83230519821754,10,Medium,Prioritize the nearest warehouse and optimize transportation routes.
CLIENT096,Premium,182.88,2,13,74175.0,91699.1,10050.664615384616,145.50538461538463,76797.79,0,Distant customers / long flows,"Prioritize assignment to the nearest warehouse and investigate alternative routes to reduce distance, transit time and CO2 emissions.",0.3200499595909933,0.3571943180096311,0.7058354233353047,0.2834067881321277,0.588235294117647,0.44732896342634504,0.8,49.74455586903827,11,Medium,Prioritize the nearest warehouse and optimize transportation routes.
CLIENT037,Standard,311.31,1,7,58395.0,66867.04,11661.71,192.37285714285716,56880.12,0,Distant customers / long flows,"Prioritize assignment to the nearest warehouse and investigate alternative routes to reduce distance, transit time and CO2 emissions.",0.23325104257544405,0.26441790453280234,0.8303209713926334,0.5751737925394157,0.23529411764705882,0.6115615805407218,0.8,49.56046514226471,12,Medium,Prioritize the nearest warehouse and optimize transportation routes.
CLIENT025,Premium,447.19,1,10,10280.0,53608.71,11146.739,131.615,40864.74,0,Distant customers / long flows,"Prioritize assignment to the nearest warehouse and investigate alternative routes to reduce distance, transit time and CO2 emissions.",0.18690737694984688,0.18981833958024846,0.7905291394673428,0.8838656913081012,0.411764705882353,0.3986543903144137,0.8,49.21774070142612,13,Medium,Prioritize the nearest warehouse and optimize transportation routes.
CLIENT081,Standard,491.15,1,7,64357.0,41395.28,10236.281428571428,241.33857142857144,33422.24,0,Distant customers / long flows,"Prioritize assignment to the nearest warehouse and investigate alternative routes to reduce distance, transit time and CO2 emissions.",0.14421609410640904,0.1551512094741016,0.7201780426921961,0.9837339270298514,0.23529411764705882,0.7831468394066402,0.8,48.440641238092205,14,Medium,Prioritize the nearest warehouse and optimize transportation routes.
CLIENT093,Standard,352.01,1,11,57902.0,59865.51,10368.34090909091,172.65818181818182,43920.58,0,Distant customers / long flows,"Prioritize assignment to the nearest warehouse and investigate alternative routes to reduce distance, transit time and CO2 emissions.",0.20877763112863384,0.20405242797306913,0.7303822845873172,0.6676359671043663,0.4705882352941177,0.5424775751629249,0.8,47.997912329815875,15,Medium,Prioritize the nearest warehouse and optimize transportation routes.
CLIENT032,Standard,449.5,2,12,31567.0,68819.1,7492.1425,117.14166666666667,48663.12,0,Distant customers / long flows,"Prioritize assignment to the nearest warehouse and investigate alternative routes to reduce distance, transit time and CO2 emissions.",0.24007434656026747,0.2261431570578667,0.5081383064247916,0.8891135444590849,0.5294117647058822,0.34793705303302414,0.8,47.42467593482128,16,Medium,Prioritize the nearest warehouse and optimize transportation routes.
CLIENT011,Premium,426.97,1,4,11870.0,12070.39,13857.6325,303.2225,9871.37,0,Distant customers / long flows,"Prioritize assignment to the nearest warehouse and investigate alternative routes to reduce distance, transit time and CO2 emissions.",0.04171277003260649,0.045451367431380625,0.9999999999999999,0.8379299377527375,0.05882352941176472,1.0,0.8,46.625263624028975,17,Medium,Prioritize the nearest warehouse and optimize transportation routes.
CLIENT016,Standard,363.1,1,13,34164.0,48818.61,10073.11846153846,143.73615384615385,34812.19,0,Distant customers / long flows,"Prioritize assignment to the nearest warehouse and investigate alternative routes to reduce distance, transit time and CO2 emissions.",0.17016388114659167,0.1616255900573786,0.7075704330197921,0.6928302058248899,0.588235294117647,0.44112923931406794,0.8,46.17529005051672,18,Medium,Prioritize the nearest warehouse and optimize transportation routes.
CLIENT088,Standard,227.61,3,9,71576.0,73587.93,8873.565555555555,172.02,65129.39,0,Distant customers / long flows,"Prioritize assignment to the nearest warehouse and investigate alternative routes to reduce distance, transit time and CO2 emissions.",0.25674349440508015,0.30284296551644146,0.6148809269692265,0.3850243082375392,0.35294117647058826,0.5402412636115954,0.8,46.01481585778054,19,Medium,Prioritize the nearest warehouse and optimize transportation routes.
CLIENT087,Standard,217.71,3,10,80740.0,63657.35,9737.718,191.21,48495.58,0,Distant customers / long flows,"Prioritize assignment to the nearest warehouse and investigate alternative routes to reduce distance, transit time and CO2 emissions.",0.22203177136090776,0.22536275652337104,0.6816540245362012,0.3625335090190377,0.411764705882353,0.607486705972019,0.8,45.00445193199537,20,Medium,Prioritize the nearest warehouse and optimize transportation routes.
CLIENT098,Standard,431.9,2,7,30380.0,32418.61,9914.417142857143,175.78142857142856,28201.52,0,Distant customers / long flows,"Prioritize assignment to the nearest warehouse and investigate alternative routes to reduce distance, transit time and CO2 emissions.",0.11283870397421822,0.1308331201912312,0.6953075751126692,0.849129901403971,0.23529411764705882,0.553422031104709,0.8,44.302123387668665,21,Medium,Prioritize the nearest warehouse and optimize transportation routes.
CLIENT003,Standard,149.11,1,12,47946.0,71453.73,9349.5725,150.71833333333333,54970.66,0,Distant customers / long flows,"Prioritize assignment to the nearest warehouse and investigate alternative routes to reduce distance, transit time and CO2 emissions.",0.24928353140988024,0.25552364880522654,0.6516620046000146,0.20668817302012812,0.5294117647058822,0.4655961360444098,0.8,44.1594125643045,22,Medium,Prioritize the nearest warehouse and optimize transportation routes.
CLIENT028,Standard,365.16,2,10,47004.0,46620.36,8672.401,134.386,41865.77,0,Distant customers / long flows,"Prioritize assignment to the nearest warehouse and investigate alternative routes to reduce distance, transit time and CO2 emissions.",0.16248003537103253,0.19448113262696073,0.5993369328724862,0.6975101095006588,0.411764705882353,0.4083645060403508,0.8,44.01742468452243,23,Medium,Prioritize the nearest warehouse and optimize transportation routes.
CLIENT066,Standard,438.88,1,8,6644.0,34503.61,9459.75375,137.31,26079.03,0,Distant customers / long flows,"Prioritize assignment to the nearest warehouse and investigate alternative routes to reduce distance, transit time and CO2 emissions.",0.12012669143790107,0.12094657172243768,0.6601757146561505,0.864987050751965,0.29411764705882354,0.4186107631253888,0.8,43.538246998679256,24,Medium,Prioritize the nearest warehouse and optimize transportation routes.
CLIENT099,Standard,111.48,2,18,107521.0,70886.02,7996.865,145.86,50102.98,0,Distant customers / long flows,"Prioritize assignment to the nearest warehouse and investigate alternative routes to reduce distance, transit time and CO2 emissions.",0.24729913651155538,0.23285001818714268,0.5471382363022266,0.12120041801081374,0.8823529411764706,0.4485716037810232,0.8,42.91317922596075,25,Medium,Prioritize the nearest warehouse and optimize transportation routes.
CLIENT034,Standard,471.04,1,9,30434.0,22410.73,9729.89,140.9777777777778,15514.7,0,Distant customers / long flows,"Prioritize assignment to the nearest warehouse and investigate alternative routes to reduce distance, transit time and CO2 emissions.",0.07785678360105648,0.07173797211286155,0.6810491546303011,0.9380480712435822,0.35294117647058826,0.4314633602669416,0.8,42.899419747861636,26,Medium,Prioritize the nearest warehouse and optimize transportation routes.
CLIENT012,Industrial,354.06,1,13,27530.0,31651.25,8744.701538461539,147.8969230769231,26316.97,0,Distant customers / long flows,"Prioritize assignment to the nearest warehouse and investigate alternative routes to reduce distance, transit time and CO2 emissions.",0.11015644495257233,0.12205489512686586,0.6049235986741907,0.6722931528011268,0.588235294117647,0.45570937310680987,0.8,42.211517870598044,27,Medium,Prioritize the nearest warehouse and optimize transportation routes.
CLIENT049,Standard,130.47,1,9,57795.0,61253.85,9244.106666666667,178.7488888888889,52681.8,0,Distant customers / long flows,"Prioritize assignment to the nearest warehouse and investigate alternative routes to reduce distance, transit time and CO2 emissions.",0.21363048701128584,0.24486214965645187,0.6435126549980744,0.16434186014812122,0.35294117647058826,0.5638205814817087,0.8,42.117922384625,28,Medium,Prioritize the nearest warehouse and optimize transportation routes.
CLIENT004,Standard,370.02,1,11,18654.0,11783.85,9901.952727272726,205.6509090909091,8460.83,0,Distant customers / long flows,"Prioritize assignment to the nearest warehouse and investigate alternative routes to reduce distance, transit time and CO2 emissions.",0.04071118733340089,0.038881078724639015,0.6943444491696897,0.7085510472988322,0.4705882352941177,0.6580904224860809,0.8,40.93947175726247,29,Medium,Prioritize the nearest warehouse and optimize transportation routes.
CLIENT053,Standard,188.63,1,11,29910.0,43179.32,9886.153636363637,160.01545454545453,29102.49,0,Distant customers / long flows,"Prioritize assignment to the nearest warehouse and investigate alternative routes to reduce distance, transit time and CO2 emissions.",0.1504520946602262,0.13502983422707066,0.6931236527170217,0.2964696260620655,0.4705882352941177,0.4981750327920684,0.8,40.667266442853986,30,Medium,Prioritize the nearest warehouse and optimize transportation routes.
CLIENT040,Standard,488.15,1,5,2759.0,6853.56,10440.338,142.73,5150.2,0,Distant customers / long flows,"Prioritize assignment to the nearest warehouse and investigate alternative routes to reduce distance, transit time and CO2 emissions.",0.023477666128450835,0.023460179706390714,0.7359455029832355,0.9769185333272751,0.11764705882352944,0.4376034831667382,0.8,40.64076583531171,31,Medium,Prioritize the nearest warehouse and optimize transportation routes.
CLIENT054,Standard,294.14,1,12,38055.0,22370.89,9599.883333333333,187.8025,14843.11,0,Distant customers / long flows,"Prioritize assignment to the nearest warehouse and investigate alternative routes to reduce distance, transit time and CO2 emissions.",0.07771752536577921,0.06860970904158346,0.6710035337522958,0.536167022581671,0.5294117647058822,0.5955461721083847,0.8,40.36664523114864,32,Medium,Prioritize the nearest warehouse and optimize transportation routes.
CLIENT065,Standard,351.02,1,8,33579.0,22072.6,8779.7425,194.645,17877.29,0,Distant customers / long flows,"Prioritize assignment to the nearest warehouse and investigate alternative routes to reduce distance, transit time and CO2 emissions.",0.07667487127439217,0.08274290525595615,0.6076312153206408,0.6653868871825162,0.29411764705882354,0.619523605112616,0.8,39.9082732494709,33,Low,Prioritize the nearest warehouse and optimize transportation routes.
CLIENT038,Premium,217.53,3,10,44630.0,29436.59,9898.746,203.414,18852.99,0,Distant customers / long flows,"Prioritize assignment to the nearest warehouse and investigate alternative routes to reduce distance, transit time and CO2 emissions.",0.1024152390454645,0.0872877112814271,0.6940966652116287,0.3621245853968831,0.411764705882353,0.6502518637920612,0.8,39.64891388228049,34,Low,Prioritize the nearest warehouse and optimize transportation routes.
CLIENT095,Standard,164.37,2,10,35055.0,34830.67,10123.722,153.998,28476.8,0,Distant customers / long flows,"Prioritize assignment to the nearest warehouse and investigate alternative routes to reduce distance, transit time and CO2 emissions.",0.12126990926997401,0.1321153731405923,0.71148057067276,0.2413558089872325,0.411764705882353,0.47708871737816366,0.8,39.20408896082751,35,Low,Prioritize the nearest warehouse and optimize transportation routes.
CLIENT015,Standard,293.65,1,10,49923.0,26827.5,8570.787,168.166,18169.07,0,Distant customers / long flows,"Prioritize assignment to the nearest warehouse and investigate alternative routes to reduce distance, transit time and CO2 emissions.",0.09329532767298476,0.08410201512795769,0.5914852146024157,0.5350538416102503,0.411764705882353,0.5267361080692778,0.8,38.92974419928067,36,Low,Prioritize the nearest warehouse and optimize transportation routes.
CLIENT063,Standard,207.54,1,13,11550.0,10193.49,9597.828461538462,159.48615384615385,7839.41,0,Distant customers / long flows,"Prioritize assignment to the nearest warehouse and investigate alternative routes to reduce distance, transit time and CO2 emissions.",0.03515218314023895,0.035986507278140956,0.6708447537179064,0.3394293243673042,0.588235294117647,0.4963202615744469,0.8,36.478277051970906,37,Low,Prioritize the nearest warehouse and optimize transportation routes.
CLIENT057,Premium,162.71,1,9,35067.0,23244.3,9315.083333333334,211.5522222222222,11983.25,0,Distant customers / long flows,"Prioritize assignment to the nearest warehouse and investigate alternative routes to reduce distance, transit time and CO2 emissions.",0.08077047554834765,0.05528849456991867,0.6489970251676905,0.23758462447180698,0.35294117647058826,0.6787697560985105,0.8,36.39438806518599,38,Low,Prioritize the nearest warehouse and optimize transportation routes.
CLIENT010,Industrial,282.99,1,6,3981.0,6086.1,10024.366666666667,119.83166666666666,5037.59,0,Distant customers / long flows,"Prioritize assignment to the nearest warehouse and investigate alternative routes to reduce distance, transit time and CO2 emissions.",0.020795057563041706,0.02293564285435804,0.7038033796758277,0.5108364759870961,0.1764705882352941,0.35736332921590785,0.8,35.313174338427594,39,Low,Prioritize the nearest warehouse and optimize transportation routes.
CLIENT001,Standard,436.26,1,16,71083.0,55213.21,4795.426875,75.363125,42698.5,1,Standard customers / efficient flows,Maintain current warehouse assignments and prioritize shipment consolidation to keep logistics costs at a low level.,0.19251580663113185,0.1983599850627406,0.29976297091986964,0.8590349402517151,0.7647058823529411,0.20153702616755292,0.4,34.69810337595078,40,Low,Maintain the current organization and prioritize shipment consolidation.
CLIENT076,Standard,386.47,2,8,36205.0,75451.85,5057.965,56.68875,57135.65,1,Standard customers / efficient flows,Maintain current warehouse assignments and prioritize shipment consolidation to keep logistics costs at a low level.,0.2632587105169784,0.2656081620747605,0.3200493034395279,0.7459221227679586,0.29411764705882354,0.1360984327501774,0.4,34.30467218273718,41,Low,Maintain the current organization and prioritize shipment consolidation.
CLIENT085,Standard,170.81,2,8,34432.0,17168.68,8695.855,148.705,13627.25,0,Distant customers / long flows,"Prioritize assignment to the nearest warehouse and investigate alternative routes to reduce distance, transit time and CO2 emissions.",0.059533524759810136,0.06294623886209273,0.6011492244888602,0.2559861874687628,0.29411764705882354,0.45854102970678684,0.8,34.087656522085695,42,Low,Prioritize the nearest warehouse and optimize transportation routes.
CLIENT031,Standard,232.03,1,3,20460.0,7175.85,9272.773333333333,180.17333333333335,3907.93,0,Distant customers / long flows,"Prioritize assignment to the nearest warehouse and investigate alternative routes to reduce distance, transit time and CO2 emissions.",0.024604210723016946,0.01767369187072218,0.6457277295981165,0.39506565495933477,0.0,0.5688121081510423,0.8,33.44921213981017,43,Low,Prioritize the nearest warehouse and optimize transportation routes.
CLIENT021,Standard,167.37,2,10,34479.0,14235.76,7470.349,165.852,12130.89,0,Distant customers / long flows,"Prioritize assignment to the nearest warehouse and investigate alternative routes to reduce distance, transit time and CO2 emissions.",0.04928168581881029,0.05597620099771464,0.5064543217167911,0.24817120268980872,0.411764705882353,0.5186274080368641,0.8,33.08205358767059,44,Low,Prioritize the nearest warehouse and optimize transportation routes.
CLIENT071,Standard,69.62,1,6,13550.0,6488.84,10471.233333333334,241.545,3267.82,0,Distant customers / long flows,"Prioritize assignment to the nearest warehouse and investigate alternative routes to reduce distance, transit time and CO2 emissions.",0.022202810115139367,0.01469206249185142,0.7383327867550903,0.026102957880866917,0.1764705882352941,0.7838702047324111,0.8,32.98663684768906,45,Low,Prioritize the nearest warehouse and optimize transportation routes.
CLIENT058,Standard,315.44,2,15,70495.0,37749.47,5759.750666666667,101.876,25333.21,1,Standard customers / efficient flows,Maintain current warehouse assignments and prioritize shipment consolidation to keep logistics costs at a low level.,0.1314723926316035,0.11747254565918389,0.37427631291302854,0.5845563178699623,0.7058823529411764,0.2944432277111495,0.4,30.09759650463045,46,Low,Maintain the current organization and prioritize shipment consolidation.
CLIENT069,Standard,307.4,3,12,94368.0,52649.04,4201.095833333334,75.74333333333334,43556.53,1,Standard customers / efficient flows,Maintain current warehouse assignments and prioritize shipment consolidation to keep logistics costs at a low level.,0.1835529103171023,0.20235668477990248,0.2538389850682723,0.566291062747058,0.5294117647058822,0.20286934912555815,0.4,29.767857426177475,47,Low,Maintain the current organization and prioritize shipment consolidation.
CLIENT024,Premium,301.23,1,14,32682.0,41152.3,3902.242142857143,55.005714285714284,34552.35,1,Standard customers / efficient flows,Maintain current warehouse assignments and prioritize shipment consolidation to keep logistics costs at a low level.,0.14336677267047349,0.16041525655562766,0.230746547199574,0.5522740696987596,0.6470588235294117,0.13020075265035796,0.4,27.662711233754443,48,Low,Maintain the current organization and prioritize shipment consolidation.
CLIENT100,Premium,369.01,1,9,53011.0,32211.83,4411.038888888889,72.0988888888889,25511.41,1,Standard customers / efficient flows,Maintain current warehouse assignments and prioritize shipment consolidation to keep logistics costs at a low level.,0.11211591738057777,0.11830260042370057,0.27006129424791275,0.7062565314189649,0.35294117647058826,0.1900985164614281,0.4,26.997633135556875,49,Low,Maintain the current organization and prioritize shipment consolidation.
CLIENT019,Standard,491.98,1,14,53083.0,17050.98,2917.145,48.543571428571425,15181.8,1,Standard customers / efficient flows,Maintain current warehouse assignments and prioritize shipment consolidation to keep logistics costs at a low level.,0.05912211175046938,0.0701873254736494,0.15462804744200417,0.9856195192875642,0.6470588235294117,0.10755616406125827,0.4,26.830490145693776,50,Low,Maintain the current organization and prioritize shipment consolidation.
CLIENT030,Standard,435.35,3,10,38000.0,12595.43,4835.5,127.825,6335.48,1,Standard customers / efficient flows,Maintain current warehouse assignments and prioritize shipment consolidation to keep logistics costs at a low level.,0.04354801460715423,0.0289812083892545,0.3028594230593516,0.8569676041619337,0.411764705882353,0.3853735030530272,0.4,26.76658296515046,51,Low,Maintain the current organization and prioritize shipment consolidation.
CLIENT090,Standard,468.51,2,20,65719.0,15375.9,2207.1725,47.202,11929.47,1,Standard customers / efficient flows,Maintain current warehouse assignments and prioritize shipment consolidation to keep logistics costs at a low level.,0.05326697408108528,0.05503798758206397,0.09976844099508106,0.9323004225544095,1.0,0.10285504034200911,0.4,26.76624014584877,52,Low,Maintain the current organization and prioritize shipment consolidation.
CLIENT077,Industrial,478.88,1,7,55777.0,29207.78,3124.884285714286,61.567142857142855,22025.15,1,Standard customers / efficient flows,Maintain current warehouse assignments and prioritize shipment consolidation to keep logistics costs at a low level.,0.10161544796078091,0.10206361768888625,0.1706800712286306,0.9558589667863145,0.23529411764705882,0.15319325743420564,0.4,26.642886164496176,53,Low,Maintain the current organization and prioritize shipment consolidation.
CLIENT036,Premium,351.04,1,12,21454.0,15952.4,5799.788333333333,78.63583333333334,12922.3,1,Standard customers / efficient flows,Maintain current warehouse assignments and prioritize shipment consolidation to keep logistics costs at a low level.,0.0552820938761995,0.059662585067221614,0.377370025185527,0.6654323231405335,0.5294117647058822,0.21300522416607537,0.4,26.602262601797445,54,Low,Maintain the current organization and prioritize shipment consolidation.
CLIENT055,Industrial,278.97,3,7,13749.0,50489.26,4112.15,58.84428571428571,37956.66,1,Standard customers / efficient flows,Maintain current warehouse assignments and prioritize shipment consolidation to keep logistics costs at a low level.,0.17600353402726396,0.17627251657466117,0.2469661365963099,0.5017038484256441,0.23529411764705882,0.1436518435178082,0.4,26.541799021200248,55,Low,Maintain the current organization and prioritize shipment consolidation.
CLIENT051,Industrial,384.88,1,13,67525.0,12943.11,4500.57,80.92692307692307,9362.85,1,Standard customers / efficient flows,Maintain current warehouse assignments and prioritize shipment consolidation to keep logistics costs at a low level.,0.044763308363208555,0.04308268365555559,0.2769793671596259,0.7423099641055931,0.588235294117647,0.22103364226378885,0.4,25.60487121254883,56,Low,Maintain the current organization and prioritize shipment consolidation.
CLIENT059,Standard,490.5,1,10,38106.0,13263.66,3578.78,45.348,10183.51,1,Standard customers / efficient flows,Maintain current warehouse assignments and prioritize shipment consolidation to keep logistics costs at a low level.,0.045883770896294175,0.04690531408792515,0.20575261312801313,0.9822572583942931,0.411764705882353,0.09635826857878736,0.4,25.53467720733469,57,Low,Maintain the current organization and prioritize shipment consolidation.
CLIENT056,Standard,336.35,2,9,10508.0,30939.26,4026.0733333333333,51.19888888888889,23271.91,1,Standard customers / efficient flows,Maintain current warehouse assignments and prioritize shipment consolidation to keep logistics costs at a low level.,0.10766772831263587,0.1078710199235036,0.24031498875946228,0.6320596119769185,0.35294117647058826,0.11686090596987757,0.4,25.123444969649423,58,Low,Maintain the current organization and prioritize shipment consolidation.
CLIENT029,Premium,431.0,1,8,9895.0,2941.05,5145.3625,108.25625,1790.44,1,Standard customers / efficient flows,Maintain current warehouse assignments and prioritize shipment consolidation to keep logistics costs at a low level.,0.009801731437067739,0.007810433378486387,0.3268025121264066,0.8470852832931982,0.29411764705882354,0.31680084801443725,0.4,24.828734943690808,59,Low,Maintain the current organization and prioritize shipment consolidation.
CLIENT061,Standard,457.74,1,12,47183.0,20772.01,1981.185,38.156666666666666,15463.35,1,Standard customers / efficient flows,Maintain current warehouse assignments and prioritize shipment consolidation to keep logistics costs at a low level.,0.07212874004398868,0.0714987840536139,0.08230637688425418,0.907833159162161,0.5294117647058822,0.07115845663708543,0.4,24.548972533772258,60,Low,Maintain the current organization and prioritize shipment consolidation.
CLIENT043,Premium,268.53,2,5,44765.0,11977.85,6363.3,102.764,6295.64,1,Standard customers / efficient flows,Maintain current warehouse assignments and prioritize shipment consolidation to keep logistics costs at a low level.,0.04138930223409848,0.028795633856042696,0.4209125965690426,0.47798627834067875,0.11764705882352944,0.29755495010906796,0.4,22.78020700957873,61,Low,Maintain the current organization and prioritize shipment consolidation.
CLIENT060,Standard,269.03,2,11,29488.0,14622.48,4533.416363636364,71.85181818181819,12619.67,1,Standard customers / efficient flows,Maintain current warehouse assignments and prioritize shipment consolidation to keep logistics costs at a low level.,0.05063344146003591,0.058252935946089844,0.2795174071292071,0.47912217729110806,0.4705882352941177,0.1892327332935661,0.4,22.7139824782103,62,Low,Maintain the current organization and prioritize shipment consolidation.
CLIENT045,Premium,497.51,1,9,78288.0,3968.47,2206.47,58.46333333333333,2064.27,1,Standard customers / efficient flows,Maintain current warehouse assignments and prioritize shipment consolidation to keep logistics costs at a low level.,0.013393013969411635,0.009085932234645768,0.0997141587890393,0.9981825616793129,0.35294117647058826,0.1423169132741709,0.4,22.47037244128072,63,Low,Maintain the current organization and prioritize shipment consolidation.
CLIENT017,Premium,152.85,2,15,74640.0,18122.83,4622.322666666667,76.99,15989.9,1,Standard customers / efficient flows,Maintain current warehouse assignments and prioritize shipment consolidation to keep logistics costs at a low level.,0.06286869657682356,0.07395145148490602,0.28638720109290755,0.21518469716933977,0.7058823529411764,0.20723790834786116,0.4,22.06400273865091,64,Low,Maintain the current organization and prioritize shipment consolidation.
CLIENT092,Premium,144.01,2,19,84028.0,30664.28,2430.455789473684,35.72,26952.45,1,Standard customers / efficient flows,Maintain current warehouse assignments and prioritize shipment consolidation to keep logistics costs at a low level.,0.10670655287246152,0.1250149579874442,0.11702155063904715,0.1951020037257485,0.9411764705882353,0.06261990906622046,0.4,21.893288176675895,65,Low,Maintain the current organization and prioritize shipment consolidation.
CLIENT008,Premium,473.24,2,13,50186.0,1750.29,1583.0738461538463,36.82153846153846,1233.53,1,Standard customers / efficient flows,Maintain current warehouse assignments and prioritize shipment consolidation to keep logistics costs at a low level.,0.005639504121837534,0.005216349209535866,0.05154431043501784,0.9430460266254713,0.588235294117647,0.06647991120916859,0.4,21.722515536650715,66,Low,Maintain the current organization and prioritize shipment consolidation.
CLIENT052,Standard,374.42,1,12,21398.0,5712.37,2738.6741666666667,60.111666666666665,4747.78,1,Standard customers / efficient flows,Maintain current warehouse assignments and prioritize shipment consolidation to keep logistics costs at a low level.,0.019488707656661757,0.021585709233120223,0.14083759826415423,0.7185469580626107,0.5294117647058822,0.14809298957210898,0.4,21.604489202057326,67,Low,Maintain the current organization and prioritize shipment consolidation.
CLIENT072,Standard,497.55,2,8,31760.0,1416.95,2093.93,51.29125,709.76,1,Standard customers / efficient flows,Maintain current warehouse assignments and prioritize shipment consolidation to keep logistics costs at a low level.,0.00447433494143272,0.0027766310052098277,0.09101818801617595,0.9982734335953473,0.29411764705882354,0.11718455702634277,0.4,21.57190917026196,68,Low,Maintain the current organization and prioritize shipment consolidation.
CLIENT007,Premium,93.28,1,8,41245.0,23451.64,6337.39375,91.72,15507.13,1,Standard customers / efficient flows,Maintain current warehouse assignments and prioritize shipment consolidation to keep logistics costs at a low level.,0.08149521958706228,0.07170271108835317,0.41891081948680975,0.07985369621518468,0.29411764705882354,0.2588546548809013,0.4,21.31849547559624,69,Low,Maintain the current organization and prioritize shipment consolidation.
CLIENT094,Industrial,211.39,1,8,52055.0,14775.79,5098.3275,87.835,8809.03,1,Standard customers / efficient flows,Maintain current warehouse assignments and prioritize shipment consolidation to keep logistics costs at a low level.,0.051169327003468636,0.04050299269211773,0.32316811559804665,0.3481757462856103,0.29411764705882354,0.24524086939000778,0.4,21.11536480800003,70,Low,Maintain the current organization and prioritize shipment consolidation.
CLIENT020,Standard,282.49,3,7,34570.0,16660.06,3367.7114285714288,78.59571428571428,11417.77,1,Standard customers / efficient flows,Maintain current warehouse assignments and prioritize shipment consolidation to keep logistics costs at a low level.,0.05775567527118742,0.05265449138114824,0.18944333528713098,0.5097005770366668,0.23529411764705882,0.21286463932479227,0.4,20.67643129393554,71,Low,Maintain the current organization and prioritize shipment consolidation.
CLIENT078,Standard,198.84,3,8,17340.0,9995.52,5021.47375,89.58375,7368.37,1,Standard customers / efficient flows,Maintain current warehouse assignments and prioritize shipment consolidation to keep logistics costs at a low level.,0.03446019135214049,0.0337924051665925,0.31722962293957013,0.3196646826298333,0.29411764705882354,0.25136882495685464,0.4,20.21987641760564,72,Low,Maintain the current organization and prioritize shipment consolidation.
CLIENT075,Premium,447.57,1,12,29289.0,2931.87,916.0066666666667,21.808333333333334,2145.95,1,Standard customers / efficient flows,Maintain current warehouse assignments and prioritize shipment consolidation to keep logistics costs at a low level.,0.009769643319601739,0.009466397291692468,0.0,0.8847289745104275,0.5294117647058822,0.013870759562793655,0.4,19.99727139527155,73,Low,Maintain the current organization and prioritize shipment consolidation.
CLIENT079,Industrial,298.74,2,6,15845.0,8335.82,3635.2966666666666,91.73333333333333,4172.1,1,Standard customers / efficient flows,Maintain current warehouse assignments and prioritize shipment consolidation to keep logistics costs at a low level.,0.02865881351354365,0.018904194492172073,0.2101196584586777,0.5466172929256213,0.1764705882352941,0.2589013774394286,0.4,19.889381862192025,74,Low,Maintain the current organization and prioritize shipment consolidation.
CLIENT002,Standard,196.68,1,13,18816.0,2634.27,4308.733846153847,91.72538461538461,1376.69,1,Standard customers / efficient flows,Maintain current warehouse assignments and prioritize shipment consolidation to keep logistics costs at a low level.,0.00872940108018111,0.005883187818336133,0.26215617907517,0.3147575991639784,0.588235294117647,0.2588735236064604,0.4,19.651361549759123,75,Low,Maintain the current organization and prioritize shipment consolidation.
CLIENT086,Standard,268.38,2,15,21107.0,4689.04,2673.9013333333332,47.012,4091.89,1,Standard customers / efficient flows,Maintain current warehouse assignments and prioritize shipment consolidation to keep logistics costs at a low level.,0.01591172146423463,0.018530576688233335,0.13583259857033678,0.47764550865555,0.7058823529411764,0.10218924388299504,0.4,19.622706619601942,76,Low,Maintain the current organization and prioritize shipment consolidation.
CLIENT070,Standard,395.85,1,7,9949.0,3470.48,2372.824285714286,41.392857142857146,3123.1,1,Standard customers / efficient flows,Maintain current warehouse assignments and prioritize shipment consolidation to keep logistics costs at a low level.,0.011652320982821986,0.014017957410365147,0.1125683617969653,0.7672315870780135,0.23529411764705882,0.08249868905678419,0.4,19.521472504031685,77,Low,Maintain the current organization and prioritize shipment consolidation.
CLIENT073,Standard,261.48,2,7,26395.0,5311.21,3846.34,62.238571428571426,4688.7,1,Standard customers / efficient flows,Maintain current warehouse assignments and prioritize shipment consolidation to keep logistics costs at a low level.,0.018086477896023384,0.021310514870114358,0.22642698615082563,0.4619701031396247,0.23529411764705882,0.15554607198861636,0.4,18.84867901663988,78,Low,Maintain the current organization and prioritize shipment consolidation.
CLIENT067,Standard,153.58,1,10,40716.0,11240.09,4214.818,79.088,7943.71,1,Standard customers / efficient flows,Maintain current warehouse assignments and prioritize shipment consolidation to keep logistics costs at a low level.,0.038810508166373464,0.03647233618913473,0.25489929749295415,0.2168431096369667,0.411764705882353,0.2145897029321326,0.4,18.82340203077844,79,Low,Maintain the current organization and prioritize shipment consolidation.
CLIENT083,Premium,187.56,1,4,21980.0,16612.1,4214.74,57.575,13968.89,1,Standard customers / efficient flows,Maintain current warehouse assignments and prioritize shipment consolidation to keep logistics costs at a low level.,0.057588034082334545,0.06453759638032773,0.25489327042950743,0.2940388023081466,0.05882352941176472,0.13920402281228922,0.4,18.484377620309267,80,Low,Maintain the current organization and prioritize shipment consolidation.
CLIENT064,Premium,340.3,1,9,33746.0,3271.1,2125.9244444444444,36.10444444444445,2939.57,1,Standard customers / efficient flows,Maintain current warehouse assignments and prioritize shipment consolidation to keep logistics costs at a low level.,0.010955400627661753,0.013163075530837955,0.09349040015215329,0.6410332136853105,0.35294117647058826,0.06396707617042442,0.4,18.434375928648773,81,Low,Maintain the current organization and prioritize shipment consolidation.
CLIENT006,Standard,206.9,1,8,19403.0,1598.08,4449.71875,85.53875,1040.21,1,Standard customers / efficient flows,Maintain current warehouse assignments and prioritize shipment consolidation to keep logistics costs at a low level.,0.005107463559800524,0.004315865555908682,0.2730500888251354,0.3379753737107547,0.29411764705882354,0.23719436876363348,0.4,18.34606904871005,82,Low,Maintain the current organization and prioritize shipment consolidation.
CLIENT013,Industrial,380.85,2,10,9641.0,2091.23,1010.268,22.21,1574.38,1,Standard customers / efficient flows,Maintain current warehouse assignments and prioritize shipment consolidation to keep logistics costs at a low level.,0.006831238628249058,0.006804026911474753,0.007283577391841101,0.7331546185651324,0.411764705882353,0.01527827663842872,0.4,17.882876263068574,83,Low,Maintain the current organization and prioritize shipment consolidation.
CLIENT027,Standard,175.49,1,11,17688.0,10187.23,2328.9881818181816,39.738181818181815,8680.36,1,Standard customers / efficient flows,Maintain current warehouse assignments and prioritize shipment consolidation to keep logistics costs at a low level.,0.03513030170065974,0.0399036484353817,0.10918114411190466,0.26661820164478167,0.4705882352941177,0.07670038920422191,0.4,16.716672811842216,84,Low,Maintain the current organization and prioritize shipment consolidation.
CLIENT009,Premium,228.91,1,10,14267.0,9245.76,1913.001,19.923,6871.69,1,Standard customers / efficient flows,Maintain current warehouse assignments and prioritize shipment consolidation to keep logistics costs at a low level.,0.03183945203282594,0.03147887205525612,0.07703779619137241,0.38797764550865554,0.411764705882353,0.007264189787032735,0.4,16.556051618229844,85,Low,Maintain the current organization and prioritize shipment consolidation.
CLIENT047,Standard,58.13,1,12,27947.0,2704.82,4555.816666666667,77.12416666666667,2108.84,1,Standard customers / efficient flows,Maintain current warehouse assignments and prioritize shipment consolidation to keep logistics costs at a low level.,0.00897600420515129,0.009293539085681169,0.28124827953417236,0.0,0.5294117647058822,0.20770805409304216,0.4,16.314594173849613,86,Low,Maintain the current organization and prioritize shipment consolidation.
CLIENT048,Standard,272.25,2,11,50852.0,3583.29,1263.31,26.98,2530.59,1,Standard customers / efficient flows,Maintain current warehouse assignments and prioritize shipment consolidation to keep logistics costs at a low level.,0.01204664130214,0.011258048608323754,0.026836143913139196,0.4864373665318733,0.4705882352941177,0.031993271951572075,0.4,16.306150364964246,87,Low,Maintain the current organization and prioritize shipment consolidation.
CLIENT042,Standard,187.41,1,9,16984.0,1843.74,2688.4177777777777,47.96888888888889,1351.41,1,Standard customers / efficient flows,Maintain current warehouse assignments and prioritize shipment consolidation to keep logistics costs at a low level.,0.005966152768591089,0.005765433696860367,0.13695428487400466,0.29369803262301786,0.35294117647058826,0.10554236616663797,0.4,15.548174805678366,88,Low,Maintain the current organization and prioritize shipment consolidation.
CLIENT044,Industrial,251.79,1,10,17974.0,2309.8,1327.952,27.045,2066.53,1,Standard customers / efficient flows,Maintain current warehouse assignments and prioritize shipment consolidation to keep logistics costs at a low level.,0.007595236431576232,0.009096459304049852,0.031831034109508785,0.43995638148030347,0.411764705882353,0.03222104442439268,0.4,15.468768174849798,89,Low,Maintain the current organization and prioritize shipment consolidation.
CLIENT041,Industrial,177.76,1,4,1704.0,311.67,3610.0225,58.595,280.5,1,Standard customers / efficient flows,Maintain current warehouse assignments and prioritize shipment consolidation to keep logistics costs at a low level.,0.0006108976350253478,0.000777139937777567,0.20816672248354168,0.271775182879731,0.05882352941176472,0.14277829853962803,0.4,14.879077045438585,90,Low,Maintain the current organization and prioritize shipment consolidation.
CLIENT068,Standard,274.64,1,5,19306.0,1781.84,1379.104,45.04,915.49,1,Standard customers / efficient flows,Maintain current warehouse assignments and prioritize shipment consolidation to keep logistics costs at a low level.,0.0057497851791417035,0.0037349203806532395,0.03578355140978874,0.49186696351492565,0.11764705882352944,0.09527897747680662,0.4,14.738496124889377,91,Low,Maintain the current organization and prioritize shipment consolidation.
CLIENT084,Premium,135.91,1,8,35186.0,8539.55,2359.13375,23.67875,4845.81,1,Standard customers / efficient flows,Maintain current warehouse assignments and prioritize shipment consolidation to keep logistics costs at a low level.,0.02937093902240509,0.02204233251351063,0.11151049349737163,0.17670044072879273,0.29411764705882354,0.020425058476202157,0.4,14.18749546325397,92,Low,Maintain the current organization and prioritize shipment consolidation.
CLIENT026,Standard,134.92,1,9,57714.0,5966.59,2041.29,40.17777777777778,4656.6,1,Standard customers / efficient flows,Maintain current warehouse assignments and prioritize shipment consolidation to keep logistics costs at a low level.,0.020377317811586197,0.02116099322061388,0.08695069289014498,0.17445136080694254,0.35294117647058826,0.0782408178005161,0.4,14.137336782479057,93,Low,Maintain the current organization and prioritize shipment consolidation.
CLIENT074,Premium,175.8,1,10,17785.0,1395.78,1605.46,30.452,1202.3,1,Standard customers / efficient flows,Maintain current warehouse assignments and prioritize shipment consolidation to keep logistics costs at a low level.,0.004400336526753503,0.005070880015956429,0.05327408953189873,0.26732245899404794,0.411764705882353,0.04415982619208228,0.4,13.963384606779105,94,Low,Maintain the current organization and prioritize shipment consolidation.
CLIENT018,Premium,128.73,1,9,5988.0,3364.6,2346.5255555555555,36.596666666666664,1965.87,1,Standard customers / efficient flows,Maintain current warehouse assignments and prioritize shipment consolidation to keep logistics costs at a low level.,0.011282224046296932,0.008627585495990095,0.11053625775552459,0.160388931800627,0.35294117647058826,0.06569191728939076,0.4,13.809705964216262,95,Low,Maintain the current organization and prioritize shipment consolidation.
CLIENT014,Standard,144.08,1,10,16959.0,3670.54,1787.98,17.85,2761.79,1,Standard customers / efficient flows,Maintain current warehouse assignments and prioritize shipment consolidation to keep logistics costs at a low level.,0.012351618235572293,0.012334977124352125,0.06737741799700464,0.19526102957880867,0.411764705882353,0.0,0.4,13.577585093531273,96,Low,Maintain the current organization and prioritize shipment consolidation.
CLIENT050,Standard,214.91,3,9,13547.0,639.06,934.55,22.49222222222222,482.75,1,Standard customers / efficient flows,Maintain current warehouse assignments and prioritize shipment consolidation to keep logistics costs at a low level.,0.0017552689615170144,0.0017192194895368149,0.0014328441860505525,0.3561724748966332,0.35294117647058826,0.01626723746059,0.4,13.507525595241646,97,Low,Maintain the current organization and prioritize shipment consolidation.
CLIENT082,Standard,83.91,3,7,23609.0,6508.05,1899.7828571428572,32.12714285714286,5298.65,1,Standard customers / efficient flows,Maintain current warehouse assignments and prioritize shipment consolidation to keep logistics costs at a low level.,0.022269957472058958,0.024151659110389034,0.07601642970872405,0.05856694988413827,0.23529411764705882,0.05002984820591633,0.4,12.192317892746377,98,Low,Maintain the current organization and prioritize shipment consolidation.
CLIENT046,Standard,129.17,1,7,21105.0,794.88,1116.7571428571428,35.75,615.11,1,Standard customers / efficient flows,Maintain current warehouse assignments and prioritize shipment consolidation to keep logistics costs at a low level.,0.002299928053407211,0.0023357517489724345,0.015511998165903512,0.1613885228770048,0.23529411764705882,0.06272503482290691,0.4,11.44087419992306,99,Low,Maintain the current organization and prioritize shipment consolidation.
CLIENT091,Standard,81.69,2,5,21400.0,136.9,2235.968,38.664,113.66,1,Standard customers / efficient flows,Maintain current warehouse assignments and prioritize shipment consolidation to keep logistics costs at a low level.,0.0,0.0,0.10199347055248273,0.05352355854423188,0.11764705882352944,0.07293624998904939,0.4,11.018054187792456,100,Low,Maintain the current organization and prioritize shipment consolidation.
