client_id,segment,annual_demand_tons,priority,shipment_count,shipped_weight_kg,total_transport_cost_eur,avg_distance_km,avg_transit_hours,total_co2_kg,cluster,cluster_profile,recommendation
CLIENT001,Standard,436.26,1,16,71083.0,55213.21,4795.426875,75.363125,42698.5,1,Standard customers / efficient flows,Maintain current warehouse assignments and prioritize shipment consolidation to keep logistics costs at a low level.
CLIENT002,Standard,196.68,1,13,18816.0,2634.27,4308.733846153847,91.72538461538461,1376.69,1,Standard customers / efficient flows,Maintain current warehouse assignments and prioritize shipment consolidation to keep logistics costs at a low level.
CLIENT003,Standard,149.11,1,12,47946.0,71453.73,9349.5725,150.71833333333333,54970.66,0,Distant customers / long flows,"Prioritize assignment to the nearest warehouse and investigate alternative routes to reduce distance, transit time and CO2 emissions."
CLIENT004,Standard,370.02,1,11,18654.0,11783.85,9901.952727272726,205.6509090909091,8460.83,0,Distant customers / long flows,"Prioritize assignment to the nearest warehouse and investigate alternative routes to reduce distance, transit time and CO2 emissions."
CLIENT005,Standard,414.28,2,11,27223.0,143364.29,3866.331818181818,51.75727272727273,107186.91,2,High-activity customers / high costs,"Prioritize warehouse assignment optimization, shipment consolidation and the identification of cost-efficient routes."
CLIENT006,Standard,206.9,1,8,19403.0,1598.08,4449.71875,85.53875,1040.21,1,Standard customers / efficient flows,Maintain current warehouse assignments and prioritize shipment consolidation to keep logistics costs at a low level.
CLIENT007,Premium,93.28,1,8,41245.0,23451.64,6337.39375,91.72,15507.13,1,Standard customers / efficient flows,Maintain current warehouse assignments and prioritize shipment consolidation to keep logistics costs at a low level.
CLIENT008,Premium,473.24,2,13,50186.0,1750.29,1583.0738461538463,36.82153846153846,1233.53,1,Standard customers / efficient flows,Maintain current warehouse assignments and prioritize shipment consolidation to keep logistics costs at a low level.
CLIENT009,Premium,228.91,1,10,14267.0,9245.76,1913.001,19.923,6871.69,1,Standard customers / efficient flows,Maintain current warehouse assignments and prioritize shipment consolidation to keep logistics costs at a low level.
CLIENT010,Industrial,282.99,1,6,3981.0,6086.1,10024.366666666667,119.83166666666666,5037.59,0,Distant customers / long flows,"Prioritize assignment to the nearest warehouse and investigate alternative routes to reduce distance, transit time and CO2 emissions."
CLIENT011,Premium,426.97,1,4,11870.0,12070.39,13857.6325,303.2225,9871.37,0,Distant customers / long flows,"Prioritize assignment to the nearest warehouse and investigate alternative routes to reduce distance, transit time and CO2 emissions."
CLIENT012,Industrial,354.06,1,13,27530.0,31651.25,8744.701538461539,147.8969230769231,26316.97,0,Distant customers / long flows,"Prioritize assignment to the nearest warehouse and investigate alternative routes to reduce distance, transit time and CO2 emissions."
CLIENT013,Industrial,380.85,2,10,9641.0,2091.23,1010.268,22.21,1574.38,1,Standard customers / efficient flows,Maintain current warehouse assignments and prioritize shipment consolidation to keep logistics costs at a low level.
CLIENT014,Standard,144.08,1,10,16959.0,3670.54,1787.98,17.85,2761.79,1,Standard customers / efficient flows,Maintain current warehouse assignments and prioritize shipment consolidation to keep logistics costs at a low level.
CLIENT015,Standard,293.65,1,10,49923.0,26827.5,8570.787,168.166,18169.07,0,Distant customers / long flows,"Prioritize assignment to the nearest warehouse and investigate alternative routes to reduce distance, transit time and CO2 emissions."
CLIENT016,Standard,363.1,1,13,34164.0,48818.61,10073.11846153846,143.73615384615385,34812.19,0,Distant customers / long flows,"Prioritize assignment to the nearest warehouse and investigate alternative routes to reduce distance, transit time and CO2 emissions."
CLIENT017,Premium,152.85,2,15,74640.0,18122.83,4622.322666666667,76.99,15989.9,1,Standard customers / efficient flows,Maintain current warehouse assignments and prioritize shipment consolidation to keep logistics costs at a low level.
CLIENT018,Premium,128.73,1,9,5988.0,3364.6,2346.5255555555555,36.596666666666664,1965.87,1,Standard customers / efficient flows,Maintain current warehouse assignments and prioritize shipment consolidation to keep logistics costs at a low level.
CLIENT019,Standard,491.98,1,14,53083.0,17050.98,2917.145,48.543571428571425,15181.8,1,Standard customers / efficient flows,Maintain current warehouse assignments and prioritize shipment consolidation to keep logistics costs at a low level.
CLIENT020,Standard,282.49,3,7,34570.0,16660.06,3367.7114285714288,78.59571428571428,11417.77,1,Standard customers / efficient flows,Maintain current warehouse assignments and prioritize shipment consolidation to keep logistics costs at a low level.
CLIENT021,Standard,167.37,2,10,34479.0,14235.76,7470.349,165.852,12130.89,0,Distant customers / long flows,"Prioritize assignment to the nearest warehouse and investigate alternative routes to reduce distance, transit time and CO2 emissions."
CLIENT022,Standard,498.31,2,6,11535.0,79059.57,12068.195,250.77833333333334,58875.45,0,Distant customers / long flows,"Prioritize assignment to the nearest warehouse and investigate alternative routes to reduce distance, transit time and CO2 emissions."
CLIENT023,Industrial,484.44,1,13,41291.0,286224.11,2062.433076923077,26.80076923076923,214798.29,2,High-activity customers / high costs,"Prioritize warehouse assignment optimization, shipment consolidation and the identification of cost-efficient routes."
CLIENT024,Premium,301.23,1,14,32682.0,41152.3,3902.242142857143,55.005714285714284,34552.35,1,Standard customers / efficient flows,Maintain current warehouse assignments and prioritize shipment consolidation to keep logistics costs at a low level.
CLIENT025,Premium,447.19,1,10,10280.0,53608.71,11146.739,131.615,40864.74,0,Distant customers / long flows,"Prioritize assignment to the nearest warehouse and investigate alternative routes to reduce distance, transit time and CO2 emissions."
CLIENT026,Standard,134.92,1,9,57714.0,5966.59,2041.29,40.17777777777778,4656.6,1,Standard customers / efficient flows,Maintain current warehouse assignments and prioritize shipment consolidation to keep logistics costs at a low level.
CLIENT027,Standard,175.49,1,11,17688.0,10187.23,2328.9881818181816,39.738181818181815,8680.36,1,Standard customers / efficient flows,Maintain current warehouse assignments and prioritize shipment consolidation to keep logistics costs at a low level.
CLIENT028,Standard,365.16,2,10,47004.0,46620.36,8672.401,134.386,41865.77,0,Distant customers / long flows,"Prioritize assignment to the nearest warehouse and investigate alternative routes to reduce distance, transit time and CO2 emissions."
CLIENT029,Premium,431.0,1,8,9895.0,2941.05,5145.3625,108.25625,1790.44,1,Standard customers / efficient flows,Maintain current warehouse assignments and prioritize shipment consolidation to keep logistics costs at a low level.
CLIENT030,Standard,435.35,3,10,38000.0,12595.43,4835.5,127.825,6335.48,1,Standard customers / efficient flows,Maintain current warehouse assignments and prioritize shipment consolidation to keep logistics costs at a low level.
CLIENT031,Standard,232.03,1,3,20460.0,7175.85,9272.773333333333,180.17333333333335,3907.93,0,Distant customers / long flows,"Prioritize assignment to the nearest warehouse and investigate alternative routes to reduce distance, transit time and CO2 emissions."
CLIENT032,Standard,449.5,2,12,31567.0,68819.1,7492.1425,117.14166666666667,48663.12,0,Distant customers / long flows,"Prioritize assignment to the nearest warehouse and investigate alternative routes to reduce distance, transit time and CO2 emissions."
CLIENT033,Industrial,432.92,1,18,92359.0,229697.7,3347.6077777777778,48.044444444444444,176057.52,2,High-activity customers / high costs,"Prioritize warehouse assignment optimization, shipment consolidation and the identification of cost-efficient routes."
CLIENT034,Standard,471.04,1,9,30434.0,22410.73,9729.89,140.9777777777778,15514.7,0,Distant customers / long flows,"Prioritize assignment to the nearest warehouse and investigate alternative routes to reduce distance, transit time and CO2 emissions."
CLIENT035,Standard,403.4,2,10,41595.0,118792.94,9290.483,151.354,92139.12,0,Distant customers / long flows,"Prioritize assignment to the nearest warehouse and investigate alternative routes to reduce distance, transit time and CO2 emissions."
CLIENT036,Premium,351.04,1,12,21454.0,15952.4,5799.788333333333,78.63583333333334,12922.3,1,Standard customers / efficient flows,Maintain current warehouse assignments and prioritize shipment consolidation to keep logistics costs at a low level.
CLIENT037,Standard,311.31,1,7,58395.0,66867.04,11661.71,192.37285714285716,56880.12,0,Distant customers / long flows,"Prioritize assignment to the nearest warehouse and investigate alternative routes to reduce distance, transit time and CO2 emissions."
CLIENT038,Premium,217.53,3,10,44630.0,29436.59,9898.746,203.414,18852.99,0,Distant customers / long flows,"Prioritize assignment to the nearest warehouse and investigate alternative routes to reduce distance, transit time and CO2 emissions."
CLIENT039,Standard,473.06,2,12,37848.0,274157.27,4228.988333333334,87.77166666666666,205589.85,2,High-activity customers / high costs,"Prioritize warehouse assignment optimization, shipment consolidation and the identification of cost-efficient routes."
CLIENT040,Standard,488.15,1,5,2759.0,6853.56,10440.338,142.73,5150.2,0,Distant customers / long flows,"Prioritize assignment to the nearest warehouse and investigate alternative routes to reduce distance, transit time and CO2 emissions."
CLIENT041,Industrial,177.76,1,4,1704.0,311.67,3610.0225,58.595,280.5,1,Standard customers / efficient flows,Maintain current warehouse assignments and prioritize shipment consolidation to keep logistics costs at a low level.
CLIENT042,Standard,187.41,1,9,16984.0,1843.74,2688.4177777777777,47.96888888888889,1351.41,1,Standard customers / efficient flows,Maintain current warehouse assignments and prioritize shipment consolidation to keep logistics costs at a low level.
CLIENT043,Premium,268.53,2,5,44765.0,11977.85,6363.3,102.764,6295.64,1,Standard customers / efficient flows,Maintain current warehouse assignments and prioritize shipment consolidation to keep logistics costs at a low level.
CLIENT044,Industrial,251.79,1,10,17974.0,2309.8,1327.952,27.045,2066.53,1,Standard customers / efficient flows,Maintain current warehouse assignments and prioritize shipment consolidation to keep logistics costs at a low level.
CLIENT045,Premium,497.51,1,9,78288.0,3968.47,2206.47,58.46333333333333,2064.27,1,Standard customers / efficient flows,Maintain current warehouse assignments and prioritize shipment consolidation to keep logistics costs at a low level.
CLIENT046,Standard,129.17,1,7,21105.0,794.88,1116.7571428571428,35.75,615.11,1,Standard customers / efficient flows,Maintain current warehouse assignments and prioritize shipment consolidation to keep logistics costs at a low level.
CLIENT047,Standard,58.13,1,12,27947.0,2704.82,4555.816666666667,77.12416666666667,2108.84,1,Standard customers / efficient flows,Maintain current warehouse assignments and prioritize shipment consolidation to keep logistics costs at a low level.
CLIENT048,Standard,272.25,2,11,50852.0,3583.29,1263.31,26.98,2530.59,1,Standard customers / efficient flows,Maintain current warehouse assignments and prioritize shipment consolidation to keep logistics costs at a low level.
CLIENT049,Standard,130.47,1,9,57795.0,61253.85,9244.106666666667,178.7488888888889,52681.8,0,Distant customers / long flows,"Prioritize assignment to the nearest warehouse and investigate alternative routes to reduce distance, transit time and CO2 emissions."
CLIENT050,Standard,214.91,3,9,13547.0,639.06,934.55,22.49222222222222,482.75,1,Standard customers / efficient flows,Maintain current warehouse assignments and prioritize shipment consolidation to keep logistics costs at a low level.
CLIENT051,Industrial,384.88,1,13,67525.0,12943.11,4500.57,80.92692307692307,9362.85,1,Standard customers / efficient flows,Maintain current warehouse assignments and prioritize shipment consolidation to keep logistics costs at a low level.
CLIENT052,Standard,374.42,1,12,21398.0,5712.37,2738.6741666666667,60.111666666666665,4747.78,1,Standard customers / efficient flows,Maintain current warehouse assignments and prioritize shipment consolidation to keep logistics costs at a low level.
CLIENT053,Standard,188.63,1,11,29910.0,43179.32,9886.153636363637,160.01545454545453,29102.49,0,Distant customers / long flows,"Prioritize assignment to the nearest warehouse and investigate alternative routes to reduce distance, transit time and CO2 emissions."
CLIENT054,Standard,294.14,1,12,38055.0,22370.89,9599.883333333333,187.8025,14843.11,0,Distant customers / long flows,"Prioritize assignment to the nearest warehouse and investigate alternative routes to reduce distance, transit time and CO2 emissions."
CLIENT055,Industrial,278.97,3,7,13749.0,50489.26,4112.15,58.84428571428571,37956.66,1,Standard customers / efficient flows,Maintain current warehouse assignments and prioritize shipment consolidation to keep logistics costs at a low level.
CLIENT056,Standard,336.35,2,9,10508.0,30939.26,4026.0733333333333,51.19888888888889,23271.91,1,Standard customers / efficient flows,Maintain current warehouse assignments and prioritize shipment consolidation to keep logistics costs at a low level.
CLIENT057,Premium,162.71,1,9,35067.0,23244.3,9315.083333333334,211.5522222222222,11983.25,0,Distant customers / long flows,"Prioritize assignment to the nearest warehouse and investigate alternative routes to reduce distance, transit time and CO2 emissions."
CLIENT058,Standard,315.44,2,15,70495.0,37749.47,5759.750666666667,101.876,25333.21,1,Standard customers / efficient flows,Maintain current warehouse assignments and prioritize shipment consolidation to keep logistics costs at a low level.
CLIENT059,Standard,490.5,1,10,38106.0,13263.66,3578.78,45.348,10183.51,1,Standard customers / efficient flows,Maintain current warehouse assignments and prioritize shipment consolidation to keep logistics costs at a low level.
CLIENT060,Standard,269.03,2,11,29488.0,14622.48,4533.416363636364,71.85181818181819,12619.67,1,Standard customers / efficient flows,Maintain current warehouse assignments and prioritize shipment consolidation to keep logistics costs at a low level.
CLIENT061,Standard,457.74,1,12,47183.0,20772.01,1981.185,38.156666666666666,15463.35,1,Standard customers / efficient flows,Maintain current warehouse assignments and prioritize shipment consolidation to keep logistics costs at a low level.
CLIENT062,Standard,245.48,1,19,70160.0,144232.39,10479.721578947368,189.03157894736842,112455.79,2,High-activity customers / high costs,"Prioritize warehouse assignment optimization, shipment consolidation and the identification of cost-efficient routes."
CLIENT063,Standard,207.54,1,13,11550.0,10193.49,9597.828461538462,159.48615384615385,7839.41,0,Distant customers / long flows,"Prioritize assignment to the nearest warehouse and investigate alternative routes to reduce distance, transit time and CO2 emissions."
CLIENT064,Premium,340.3,1,9,33746.0,3271.1,2125.9244444444444,36.10444444444445,2939.57,1,Standard customers / efficient flows,Maintain current warehouse assignments and prioritize shipment consolidation to keep logistics costs at a low level.
CLIENT065,Standard,351.02,1,8,33579.0,22072.6,8779.7425,194.645,17877.29,0,Distant customers / long flows,"Prioritize assignment to the nearest warehouse and investigate alternative routes to reduce distance, transit time and CO2 emissions."
CLIENT066,Standard,438.88,1,8,6644.0,34503.61,9459.75375,137.31,26079.03,0,Distant customers / long flows,"Prioritize assignment to the nearest warehouse and investigate alternative routes to reduce distance, transit time and CO2 emissions."
CLIENT067,Standard,153.58,1,10,40716.0,11240.09,4214.818,79.088,7943.71,1,Standard customers / efficient flows,Maintain current warehouse assignments and prioritize shipment consolidation to keep logistics costs at a low level.
CLIENT068,Standard,274.64,1,5,19306.0,1781.84,1379.104,45.04,915.49,1,Standard customers / efficient flows,Maintain current warehouse assignments and prioritize shipment consolidation to keep logistics costs at a low level.
CLIENT069,Standard,307.4,3,12,94368.0,52649.04,4201.095833333334,75.74333333333334,43556.53,1,Standard customers / efficient flows,Maintain current warehouse assignments and prioritize shipment consolidation to keep logistics costs at a low level.
CLIENT070,Standard,395.85,1,7,9949.0,3470.48,2372.824285714286,41.392857142857146,3123.1,1,Standard customers / efficient flows,Maintain current warehouse assignments and prioritize shipment consolidation to keep logistics costs at a low level.
CLIENT071,Standard,69.62,1,6,13550.0,6488.84,10471.233333333334,241.545,3267.82,0,Distant customers / long flows,"Prioritize assignment to the nearest warehouse and investigate alternative routes to reduce distance, transit time and CO2 emissions."
CLIENT072,Standard,497.55,2,8,31760.0,1416.95,2093.93,51.29125,709.76,1,Standard customers / efficient flows,Maintain current warehouse assignments and prioritize shipment consolidation to keep logistics costs at a low level.
CLIENT073,Standard,261.48,2,7,26395.0,5311.21,3846.34,62.238571428571426,4688.7,1,Standard customers / efficient flows,Maintain current warehouse assignments and prioritize shipment consolidation to keep logistics costs at a low level.
CLIENT074,Premium,175.8,1,10,17785.0,1395.78,1605.46,30.452,1202.3,1,Standard customers / efficient flows,Maintain current warehouse assignments and prioritize shipment consolidation to keep logistics costs at a low level.
CLIENT075,Premium,447.57,1,12,29289.0,2931.87,916.0066666666667,21.808333333333334,2145.95,1,Standard customers / efficient flows,Maintain current warehouse assignments and prioritize shipment consolidation to keep logistics costs at a low level.
CLIENT076,Standard,386.47,2,8,36205.0,75451.85,5057.965,56.68875,57135.65,1,Standard customers / efficient flows,Maintain current warehouse assignments and prioritize shipment consolidation to keep logistics costs at a low level.
CLIENT077,Industrial,478.88,1,7,55777.0,29207.78,3124.884285714286,61.567142857142855,22025.15,1,Standard customers / efficient flows,Maintain current warehouse assignments and prioritize shipment consolidation to keep logistics costs at a low level.
CLIENT078,Standard,198.84,3,8,17340.0,9995.52,5021.47375,89.58375,7368.37,1,Standard customers / efficient flows,Maintain current warehouse assignments and prioritize shipment consolidation to keep logistics costs at a low level.
CLIENT079,Industrial,298.74,2,6,15845.0,8335.82,3635.2966666666666,91.73333333333333,4172.1,1,Standard customers / efficient flows,Maintain current warehouse assignments and prioritize shipment consolidation to keep logistics costs at a low level.
CLIENT080,Standard,307.53,1,8,102573.0,253972.6,4565.785,77.94125,186920.69,2,High-activity customers / high costs,"Prioritize warehouse assignment optimization, shipment consolidation and the identification of cost-efficient routes."
CLIENT081,Standard,491.15,1,7,64357.0,41395.28,10236.281428571428,241.33857142857144,33422.24,0,Distant customers / long flows,"Prioritize assignment to the nearest warehouse and investigate alternative routes to reduce distance, transit time and CO2 emissions."
CLIENT082,Standard,83.91,3,7,23609.0,6508.05,1899.7828571428572,32.12714285714286,5298.65,1,Standard customers / efficient flows,Maintain current warehouse assignments and prioritize shipment consolidation to keep logistics costs at a low level.
CLIENT083,Premium,187.56,1,4,21980.0,16612.1,4214.74,57.575,13968.89,1,Standard customers / efficient flows,Maintain current warehouse assignments and prioritize shipment consolidation to keep logistics costs at a low level.
CLIENT084,Premium,135.91,1,8,35186.0,8539.55,2359.13375,23.67875,4845.81,1,Standard customers / efficient flows,Maintain current warehouse assignments and prioritize shipment consolidation to keep logistics costs at a low level.
CLIENT085,Standard,170.81,2,8,34432.0,17168.68,8695.855,148.705,13627.25,0,Distant customers / long flows,"Prioritize assignment to the nearest warehouse and investigate alternative routes to reduce distance, transit time and CO2 emissions."
CLIENT086,Standard,268.38,2,15,21107.0,4689.04,2673.9013333333332,47.012,4091.89,1,Standard customers / efficient flows,Maintain current warehouse assignments and prioritize shipment consolidation to keep logistics costs at a low level.
CLIENT087,Standard,217.71,3,10,80740.0,63657.35,9737.718,191.21,48495.58,0,Distant customers / long flows,"Prioritize assignment to the nearest warehouse and investigate alternative routes to reduce distance, transit time and CO2 emissions."
CLIENT088,Standard,227.61,3,9,71576.0,73587.93,8873.565555555555,172.02,65129.39,0,Distant customers / long flows,"Prioritize assignment to the nearest warehouse and investigate alternative routes to reduce distance, transit time and CO2 emissions."
CLIENT089,Standard,429.9,2,14,98623.0,69267.56,7922.828571428571,147.62928571428571,61459.59,0,Distant customers / long flows,"Prioritize assignment to the nearest warehouse and investigate alternative routes to reduce distance, transit time and CO2 emissions."
CLIENT090,Standard,468.51,2,20,65719.0,15375.9,2207.1725,47.202,11929.47,1,Standard customers / efficient flows,Maintain current warehouse assignments and prioritize shipment consolidation to keep logistics costs at a low level.
CLIENT091,Standard,81.69,2,5,21400.0,136.9,2235.968,38.664,113.66,1,Standard customers / efficient flows,Maintain current warehouse assignments and prioritize shipment consolidation to keep logistics costs at a low level.
CLIENT092,Premium,144.01,2,19,84028.0,30664.28,2430.455789473684,35.72,26952.45,1,Standard customers / efficient flows,Maintain current warehouse assignments and prioritize shipment consolidation to keep logistics costs at a low level.
CLIENT093,Standard,352.01,1,11,57902.0,59865.51,10368.34090909091,172.65818181818182,43920.58,0,Distant customers / long flows,"Prioritize assignment to the nearest warehouse and investigate alternative routes to reduce distance, transit time and CO2 emissions."
CLIENT094,Industrial,211.39,1,8,52055.0,14775.79,5098.3275,87.835,8809.03,1,Standard customers / efficient flows,Maintain current warehouse assignments and prioritize shipment consolidation to keep logistics costs at a low level.
CLIENT095,Standard,164.37,2,10,35055.0,34830.67,10123.722,153.998,28476.8,0,Distant customers / long flows,"Prioritize assignment to the nearest warehouse and investigate alternative routes to reduce distance, transit time and CO2 emissions."
CLIENT096,Premium,182.88,2,13,74175.0,91699.1,10050.664615384616,145.50538461538463,76797.79,0,Distant customers / long flows,"Prioritize assignment to the nearest warehouse and investigate alternative routes to reduce distance, transit time and CO2 emissions."
CLIENT097,Premium,195.15,2,9,54887.0,157420.13,10309.547777777778,114.53555555555556,126970.87,2,High-activity customers / high costs,"Prioritize warehouse assignment optimization, shipment consolidation and the identification of cost-efficient routes."
CLIENT098,Standard,431.9,2,7,30380.0,32418.61,9914.417142857143,175.78142857142856,28201.52,0,Distant customers / long flows,"Prioritize assignment to the nearest warehouse and investigate alternative routes to reduce distance, transit time and CO2 emissions."
CLIENT099,Standard,111.48,2,18,107521.0,70886.02,7996.865,145.86,50102.98,0,Distant customers / long flows,"Prioritize assignment to the nearest warehouse and investigate alternative routes to reduce distance, transit time and CO2 emissions."
CLIENT100,Premium,369.01,1,9,53011.0,32211.83,4411.038888888889,72.0988888888889,25511.41,1,Standard customers / efficient flows,Maintain current warehouse assignments and prioritize shipment consolidation to keep logistics costs at a low level.
